context,question,answer
帮助游客需要包括游客遵循景点的规则并且在满足游客对某个景点感兴趣的前提下游客得到某处景物的介绍。,这是什么的功能描述？,帮助游客
帮助游客需要包括游客遵循景点的规则并且在满足游客对某个景点感兴趣的前提下游客得到某处景物的介绍。,完成”帮助游客“的第一个前提是什么？,游客遵循景点的规则
帮助游客需要包括游客遵循景点的规则并且在满足游客对某个景点感兴趣的前提下游客得到某处景物的介绍。,完成”帮助游客“的第二个前提是什么？,游客得到某处景物的介绍
帮助游客需要包括游客遵循景点的规则并且在满足游客对某个景点感兴趣的前提下游客得到某处景物的介绍。,完成”帮助游客“的第三个前提是什么？,
游客遵守景点规则包括游客在规定时间内进入景点并且判断是否在满足游客未登记的前提下通知游客登记。,这是什么的功能描述？,游客遵守景点规则
游客遵守景点规则包括游客在规定时间内进入景点并且判断是否在满足游客未登记的前提下通知游客登记。,完成”游客在规定时间内进入景点“的第一个前提是什么？,游客在规定时间内进入景点
游客遵守景点规则包括游客在规定时间内进入景点并且判断是否在满足游客未登记的前提下通知游客登记。,完成”游客在规定时间内进入景点“的第二个前提是什么？,通知游客登记
游客遵守景点规则包括游客在规定时间内进入景点并且判断是否在满足游客未登记的前提下通知游客登记。,完成”游客在规定时间内进入景点“的第三个前提是什么？,
游客在规定时间内进入景点需要判断在满足C2的前提下是否在景点关闭前通知游客。,这是什么的功能描述？,游客在规定时间内进入景点
游客在规定时间内进入景点需要判断在满足C2的前提下是否在景点关闭前通知游客。,完成”游客在规定时间内进入景点“的第一个前提是什么？,在景点关闭前通知游客
游客在规定时间内进入景点需要判断在满足C2的前提下是否在景点关闭前通知游客。,完成”游客在规定时间内进入景点“的第二个前提是什么？,
在景点关闭前通知游客包括判断在满足游客为进入景点的前提下是否通知游客不许进入景点并且判断在满足游客已进入景点的前提下是否通知游客该离开了。,这是什么的功能描述？,在景点关闭前通知游客
在景点关闭前通知游客包括判断在满足游客为进入景点的前提下是否通知游客不许进入景点并且判断在满足游客已进入景点的前提下是否通知游客该离开了。,完成”在景点关闭前通知游客“的第一个前提是什么？,通知游客不许进入景点
在景点关闭前通知游客包括判断在满足游客为进入景点的前提下是否通知游客不许进入景点并且判断在满足游客已进入景点的前提下是否通知游客该离开了。,完成”在景点关闭前通知游客“的第二个前提是什么？,通知游客该离开了
在景点关闭前通知游客包括判断在满足游客为进入景点的前提下是否通知游客不许进入景点并且判断在满足游客已进入景点的前提下是否通知游客该离开了。,完成”在景点关闭前通知游客“的第三个前提是什么？,
游客得到某处景物的介绍需要满足在C4条件下游客通过电子向导获得景物介绍或者在满足C5条件下游客通过手机应用获得景物介绍或者在满足C6前提下游客通过导游获得景物介绍3种情况中的至少一种。,这是什么的功能描述？,游客得到某处景物的介绍
游客得到某处景物的介绍需要满足在C4条件下游客通过电子向导获得景物介绍或者在满足C5条件下游客通过手机应用获得景物介绍或者在满足C6前提下游客通过导游获得景物介绍3种情况中的至少一种。,完成”游客得到某处景物的介绍“的第一个前提是什么？,游客通过电子向导获得景物介绍
游客得到某处景物的介绍需要满足在C4条件下游客通过电子向导获得景物介绍或者在满足C5条件下游客通过手机应用获得景物介绍或者在满足C6前提下游客通过导游获得景物介绍3种情况中的至少一种。,完成”游客得到某处景物的介绍“的第二个前提是什么？,游客通过手机应用获得景物介绍
游客得到某处景物的介绍需要满足在C4条件下游客通过电子向导获得景物介绍或者在满足C5条件下游客通过手机应用获得景物介绍或者在满足C6前提下游客通过导游获得景物介绍3种情况中的至少一种。,完成”游客得到某处景物的介绍“的第三个前提是什么？,游客通过导游获得景物介绍
游客得到某处景物的介绍需要满足在C4条件下游客通过电子向导获得景物介绍或者在满足C5条件下游客通过手机应用获得景物介绍或者在满足C6前提下游客通过导游获得景物介绍3种情况中的至少一种。,完成”游客得到某处景物的介绍“的第四个前提是什么？,
游客通过电子向导获得景物介绍需要满足用户到达电子向导处并且游客知道如何使用电子向导。,这是什么的功能描述？,游客通过电子向导获得景物介绍
游客通过电子向导获得景物介绍需要满足用户到达电子向导处并且游客知道如何使用电子向导。,完成”游客通过电子向导获得景物介绍“的第一个前提是什么？,到达电子向导处
游客通过电子向导获得景物介绍需要满足用户到达电子向导处并且游客知道如何使用电子向导。,完成”游客通过电子向导获得景物介绍“的第二个前提是什么？,游客知道如何使用电子向导
游客通过电子向导获得景物介绍需要满足用户到达电子向导处并且游客知道如何使用电子向导。,完成”游客通过电子向导获得景物介绍“的第三个前提是什么？,
游客通过手机应用获得景物介绍需要满足游客手机中有向导应用而且向游客提供合适的信息。,这是什么的功能描述？,游客通过手机应用获得景物介绍
游客通过手机应用获得景物介绍需要满足游客手机中有向导应用而且向游客提供合适的信息。,完成”游客通过手机应用获得景物介绍“的第一个前提是什么？,游客手机中有向导应用
游客通过手机应用获得景物介绍需要满足游客手机中有向导应用而且向游客提供合适的信息。,完成”游客通过手机应用获得景物介绍“的第二个前提是什么？,向游客提供合适的信息
游客通过手机应用获得景物介绍需要满足游客手机中有向导应用而且向游客提供合适的信息。,完成”游客通过手机应用获得景物介绍“的第二个前提是什么？,
游客到达电子向导处需要判断在满足C9的前提下是否有地标指引游客到电子向导处。,这是什么的功能描述？,游客到达电子向导处
游客到达电子向导处需要判断在满足C9的前提下是否有地标指引游客到电子向导处。,完成”游客到达电子向导处“的第一个前提是什么？,有地标指引游客到电子向导处
游客到达电子向导处需要判断在满足C9的前提下是否有地标指引游客到电子向导处。,完成”游客到达电子向导处“的第二个前提是什么？,
游客知道如何使用电子向导需要判断在C15前提下是否展示电子向导使用demo。,这是什么的功能描述？,游客知道如何使用电子向导
游客知道如何使用电子向导需要判断在C15前提下是否展示电子向导使用demo。,完成”游客知道如何使用电子向导“的第一个前提是什么？,展示电子向导使用demo
游客知道如何使用电子向导需要判断在C15前提下是否展示电子向导使用demo。,完成”游客知道如何使用电子向导“的第二个前提是什么？,
游客手机中有向导应用需要判断在满足C16的前提下是否粘贴下载应用的二维码。,这是什么的功能描述？,游客手机中有向导应用
游客手机中有向导应用需要判断在满足C16的前提下是否粘贴下载应用的二维码。,完成”游客手机中有向导应用“的第一个前提是什么？,粘贴下载应用的二维码
游客手机中有向导应用需要判断在满足C16的前提下是否粘贴下载应用的二维码。,完成”游客手机中有向导应用“的第二个前提是什么？,
向游客提供适合的信息需要判断是否准备景物信息。,这是什么的功能描述？,向游客提供适合的信息
向游客提供适合的信息需要判断是否准备景物信息。,完成”向游客提供适合的信息“的第一个前提是什么？,准备景物信息
向游客提供适合的信息需要判断是否准备景物信息。,完成”向游客提供适合的信息“的第二个前提是什么？,
准备景物信息需要判断是否准备景物的详细信息或者准备景物的简短信息。,这是什么的功能描述？,准备景物信息
准备景物信息需要判断是否准备景物的详细信息或者准备景物的简短信息。,完成”准备景物信息“的第一个前提是什么？,准备景物的详细信息
准备景物信息需要判断是否准备景物的详细信息或者准备景物的简短信息。,完成”准备景物信息“的第二个前提是什么？,准备景物的简短信息
准备景物信息需要判断是否准备景物的详细信息或者准备景物的简短信息。,完成”准备景物信息“的第三个前提是什么？
帮助游客需要包括游客遵循景点的规则并且在满足游客对某个景点感兴趣的前提下游客得到某处景物的介绍。,这是什么的功能描述？,帮助游客
帮助游客需要包括游客遵循景点的规则并且在满足游客对某个景点感兴趣的前提下游客得到某处景物的介绍。,完成”帮助游客“的第一个前提是什么？,游客遵循景点的规则
帮助游客需要包括游客遵循景点的规则并且在满足游客对某个景点感兴趣的前提下游客得到某处景物的介绍。,完成”帮助游客“的第二个前提是什么？,游客得到某处景物的介绍
帮助游客需要包括游客遵循景点的规则并且在满足游客对某个景点感兴趣的前提下游客得到某处景物的介绍。,完成”帮助游客“的第三个前提是什么？,
游客遵守景点规则包括游客在规定时间内进入景点并且判断是否在满足游客未登记的前提下通知游客登记。,这是什么的功能描述？,游客遵守景点规则
游客遵守景点规则包括游客在规定时间内进入景点并且判断是否在满足游客未登记的前提下通知游客登记。,完成”游客在规定时间内进入景点“的第一个前提是什么？,游客在规定时间内进入景点
游客遵守景点规则包括游客在规定时间内进入景点并且判断是否在满足游客未登记的前提下通知游客登记。,完成”游客在规定时间内进入景点“的第二个前提是什么？,通知游客登记
游客遵守景点规则包括游客在规定时间内进入景点并且判断是否在满足游客未登记的前提下通知游客登记。,完成”游客在规定时间内进入景点“的第三个前提是什么？,
游客在规定时间内进入景点需要判断在满足C2的前提下是否在景点关闭前通知游客。,这是什么的功能描述？,游客在规定时间内进入景点
游客在规定时间内进入景点需要判断在满足C2的前提下是否在景点关闭前通知游客。,完成”游客在规定时间内进入景点“的第一个前提是什么？,在景点关闭前通知游客
游客在规定时间内进入景点需要判断在满足C2的前提下是否在景点关闭前通知游客。,完成”游客在规定时间内进入景点“的第二个前提是什么？,
在景点关闭前通知游客包括判断在满足游客为进入景点的前提下是否通知游客不许进入景点并且判断在满足游客已进入景点的前提下是否通知游客该离开了。,这是什么的功能描述？,在景点关闭前通知游客
在景点关闭前通知游客包括判断在满足游客为进入景点的前提下是否通知游客不许进入景点并且判断在满足游客已进入景点的前提下是否通知游客该离开了。,完成”在景点关闭前通知游客“的第一个前提是什么？,通知游客不许进入景点
在景点关闭前通知游客包括判断在满足游客为进入景点的前提下是否通知游客不许进入景点并且判断在满足游客已进入景点的前提下是否通知游客该离开了。,完成”在景点关闭前通知游客“的第二个前提是什么？,通知游客该离开了
在景点关闭前通知游客包括判断在满足游客为进入景点的前提下是否通知游客不许进入景点并且判断在满足游客已进入景点的前提下是否通知游客该离开了。,完成”在景点关闭前通知游客“的第三个前提是什么？,
游客得到某处景物的介绍需要满足在C4条件下游客通过电子向导获得景物介绍或者在满足C5条件下游客通过手机应用获得景物介绍或者在满足C6前提下游客通过导游获得景物介绍3种情况中的至少一种。,这是什么的功能描述？,游客得到某处景物的介绍
游客得到某处景物的介绍需要满足在C4条件下游客通过电子向导获得景物介绍或者在满足C5条件下游客通过手机应用获得景物介绍或者在满足C6前提下游客通过导游获得景物介绍3种情况中的至少一种。,完成”游客得到某处景物的介绍“的第一个前提是什么？,游客通过电子向导获得景物介绍
游客得到某处景物的介绍需要满足在C4条件下游客通过电子向导获得景物介绍或者在满足C5条件下游客通过手机应用获得景物介绍或者在满足C6前提下游客通过导游获得景物介绍3种情况中的至少一种。,完成”游客得到某处景物的介绍“的第二个前提是什么？,游客通过手机应用获得景物介绍
游客得到某处景物的介绍需要满足在C4条件下游客通过电子向导获得景物介绍或者在满足C5条件下游客通过手机应用获得景物介绍或者在满足C6前提下游客通过导游获得景物介绍3种情况中的至少一种。,完成”游客得到某处景物的介绍“的第三个前提是什么？,游客通过导游获得景物介绍
游客得到某处景物的介绍需要满足在C4条件下游客通过电子向导获得景物介绍或者在满足C5条件下游客通过手机应用获得景物介绍或者在满足C6前提下游客通过导游获得景物介绍3种情况中的至少一种。,完成”游客得到某处景物的介绍“的第四个前提是什么？,
游客通过电子向导获得景物介绍需要满足用户到达电子向导处并且游客知道如何使用电子向导。,这是什么的功能描述？,游客通过电子向导获得景物介绍
游客通过电子向导获得景物介绍需要满足用户到达电子向导处并且游客知道如何使用电子向导。,完成”游客通过电子向导获得景物介绍“的第一个前提是什么？,到达电子向导处
游客通过电子向导获得景物介绍需要满足用户到达电子向导处并且游客知道如何使用电子向导。,完成”游客通过电子向导获得景物介绍“的第二个前提是什么？,游客知道如何使用电子向导
游客通过电子向导获得景物介绍需要满足用户到达电子向导处并且游客知道如何使用电子向导。,完成”游客通过电子向导获得景物介绍“的第三个前提是什么？,
游客通过手机应用获得景物介绍需要满足游客手机中有向导应用而且向游客提供合适的信息。,这是什么的功能描述？,游客通过手机应用获得景物介绍
游客通过手机应用获得景物介绍需要满足游客手机中有向导应用而且向游客提供合适的信息。,完成”游客通过手机应用获得景物介绍“的第一个前提是什么？,游客手机中有向导应用
游客通过手机应用获得景物介绍需要满足游客手机中有向导应用而且向游客提供合适的信息。,完成”游客通过手机应用获得景物介绍“的第二个前提是什么？,向游客提供合适的信息
游客通过手机应用获得景物介绍需要满足游客手机中有向导应用而且向游客提供合适的信息。,完成”游客通过手机应用获得景物介绍“的第二个前提是什么？,
游客到达电子向导处需要判断在满足C9的前提下是否有地标指引游客到电子向导处。,这是什么的功能描述？,游客到达电子向导处
游客到达电子向导处需要判断在满足C9的前提下是否有地标指引游客到电子向导处。,完成”游客到达电子向导处“的第一个前提是什么？,有地标指引游客到电子向导处
游客到达电子向导处需要判断在满足C9的前提下是否有地标指引游客到电子向导处。,完成”游客到达电子向导处“的第二个前提是什么？,
游客知道如何使用电子向导需要判断在C15前提下是否展示电子向导使用demo。,这是什么的功能描述？,游客知道如何使用电子向导
游客知道如何使用电子向导需要判断在C15前提下是否展示电子向导使用demo。,完成”游客知道如何使用电子向导“的第一个前提是什么？,展示电子向导使用demo
游客知道如何使用电子向导需要判断在C15前提下是否展示电子向导使用demo。,完成”游客知道如何使用电子向导“的第二个前提是什么？,
游客手机中有向导应用需要判断在满足C16的前提下是否粘贴下载应用的二维码。,这是什么的功能描述？,游客手机中有向导应用
游客手机中有向导应用需要判断在满足C16的前提下是否粘贴下载应用的二维码。,完成”游客手机中有向导应用“的第一个前提是什么？,粘贴下载应用的二维码
游客手机中有向导应用需要判断在满足C16的前提下是否粘贴下载应用的二维码。,完成”游客手机中有向导应用“的第二个前提是什么？,
向游客提供适合的信息需要判断是否准备景物信息。,“向游客提供适合的信息需要判断是否准备景物信息”是什么的功能描述？,向游客提供适合的信息
向游客提供适合的信息需要判断是否准备景物信息。,完成”向游客提供适合的信息“的第一个前提是什么？,准备景物信息
向游客提供适合的信息需要判断是否准备景物信息。,完成”向游客提供适合的信息“的第二个前提是什么？,
准备景物信息需要判断是否准备景物的详细信息或者准备景物的简短信息。,这是什么的功能描述？,准备景物信息
准备景物信息需要判断是否准备景物的详细信息或者准备景物的简短信息。,完成”准备景物信息“的第一个前提是什么？,准备景物的详细信息
准备景物信息需要判断是否准备景物的详细信息或者准备景物的简短信息。,完成”准备景物信息“的第二个前提是什么？,准备景物的简短信息
准备景物信息需要判断是否准备景物的详细信息或者准备景物的简短信息。,完成”准备景物信息“的第三个前提是什么？,
帮助游客需要包括游客遵循景点的规则并且在满足游客对某个景点感兴趣的前提下游客得到某处景物的介绍。,这是什么的功能描述？,帮助游客
帮助游客需要包括游客遵循景点的规则并且在满足游客对某个景点感兴趣的前提下游客得到某处景物的介绍。,完成”帮助游客“的第一个前提是什么？,游客遵循景点的规则
帮助游客需要包括游客遵循景点的规则并且在满足游客对某个景点感兴趣的前提下游客得到某处景物的介绍。,完成”帮助游客“的第二个前提是什么？,游客得到某处景物的介绍
帮助游客需要包括游客遵循景点的规则并且在满足游客对某个景点感兴趣的前提下游客得到某处景物的介绍。,完成”帮助游客“的第三个前提是什么？,
游客遵守景点规则包括游客在规定时间内进入景点并且判断是否在满足游客未登记的前提下通知游客登记。,这是什么的功能描述？,游客遵守景点规则
游客遵守景点规则包括游客在规定时间内进入景点并且判断是否在满足游客未登记的前提下通知游客登记。,完成”游客在规定时间内进入景点“的第一个前提是什么？,游客在规定时间内进入景点
游客遵守景点规则包括游客在规定时间内进入景点并且判断是否在满足游客未登记的前提下通知游客登记。,完成”游客在规定时间内进入景点“的第二个前提是什么？,通知游客登记
游客遵守景点规则包括游客在规定时间内进入景点并且判断是否在满足游客未登记的前提下通知游客登记。,完成”游客在规定时间内进入景点“的第三个前提是什么？,
游客在规定时间内进入景点需要判断在满足C2的前提下是否在景点关闭前通知游客。,这是什么的功能描述？,游客在规定时间内进入景点
游客在规定时间内进入景点需要判断在满足C2的前提下是否在景点关闭前通知游客。,完成”游客在规定时间内进入景点“的第一个前提是什么？,在景点关闭前通知游客
游客在规定时间内进入景点需要判断在满足C2的前提下是否在景点关闭前通知游客。,完成”游客在规定时间内进入景点“的第二个前提是什么？,
在景点关闭前通知游客包括判断在满足游客为进入景点的前提下是否通知游客不许进入景点并且判断在满足游客已进入景点的前提下是否通知游客该离开了。,这是什么的功能描述？,在景点关闭前通知游客
在景点关闭前通知游客包括判断在满足游客为进入景点的前提下是否通知游客不许进入景点并且判断在满足游客已进入景点的前提下是否通知游客该离开了。,完成”在景点关闭前通知游客“的第一个前提是什么？,通知游客不许进入景点
在景点关闭前通知游客包括判断在满足游客为进入景点的前提下是否通知游客不许进入景点并且判断在满足游客已进入景点的前提下是否通知游客该离开了。,完成”在景点关闭前通知游客“的第二个前提是什么？,通知游客该离开了
在景点关闭前通知游客包括判断在满足游客为进入景点的前提下是否通知游客不许进入景点并且判断在满足游客已进入景点的前提下是否通知游客该离开了。,完成”在景点关闭前通知游客“的第三个前提是什么？,
游客得到某处景物的介绍需要满足在C4条件下游客通过电子向导获得景物介绍或者在满足C5条件下游客通过手机应用获得景物介绍或者在满足C6前提下游客通过导游获得景物介绍3种情况中的至少一种。,这是什么的功能描述？,游客得到某处景物的介绍
游客得到某处景物的介绍需要满足在C4条件下游客通过电子向导获得景物介绍或者在满足C5条件下游客通过手机应用获得景物介绍或者在满足C6前提下游客通过导游获得景物介绍3种情况中的至少一种。,完成”游客得到某处景物的介绍“的第一个前提是什么？,游客通过电子向导获得景物介绍
游客得到某处景物的介绍需要满足在C4条件下游客通过电子向导获得景物介绍或者在满足C5条件下游客通过手机应用获得景物介绍或者在满足C6前提下游客通过导游获得景物介绍3种情况中的至少一种。,完成”游客得到某处景物的介绍“的第二个前提是什么？,游客通过手机应用获得景物介绍
游客得到某处景物的介绍需要满足在C4条件下游客通过电子向导获得景物介绍或者在满足C5条件下游客通过手机应用获得景物介绍或者在满足C6前提下游客通过导游获得景物介绍3种情况中的至少一种。,完成”游客得到某处景物的介绍“的第三个前提是什么？,游客通过导游获得景物介绍
游客得到某处景物的介绍需要满足在C4条件下游客通过电子向导获得景物介绍或者在满足C5条件下游客通过手机应用获得景物介绍或者在满足C6前提下游客通过导游获得景物介绍3种情况中的至少一种。,完成”游客得到某处景物的介绍“的第四个前提是什么？,
游客通过电子向导获得景物介绍需要满足用户到达电子向导处并且游客知道如何使用电子向导。,这是什么的功能描述？,游客通过电子向导获得景物介绍
游客通过电子向导获得景物介绍需要满足用户到达电子向导处并且游客知道如何使用电子向导。,完成”游客通过电子向导获得景物介绍“的第一个前提是什么？,到达电子向导处
游客通过电子向导获得景物介绍需要满足用户到达电子向导处并且游客知道如何使用电子向导。,完成”游客通过电子向导获得景物介绍“的第二个前提是什么？,游客知道如何使用电子向导
游客通过电子向导获得景物介绍需要满足用户到达电子向导处并且游客知道如何使用电子向导。,完成”游客通过电子向导获得景物介绍“的第三个前提是什么？,
游客通过手机应用获得景物介绍需要满足游客手机中有向导应用而且向游客提供合适的信息。,这是什么的功能描述？,游客通过手机应用获得景物介绍
游客通过手机应用获得景物介绍需要满足游客手机中有向导应用而且向游客提供合适的信息。,完成”游客通过手机应用获得景物介绍“的第一个前提是什么？,游客手机中有向导应用
游客通过手机应用获得景物介绍需要满足游客手机中有向导应用而且向游客提供合适的信息。,完成”游客通过手机应用获得景物介绍“的第二个前提是什么？,向游客提供合适的信息
游客通过手机应用获得景物介绍需要满足游客手机中有向导应用而且向游客提供合适的信息。,完成”游客通过手机应用获得景物介绍“的第二个前提是什么？,
游客到达电子向导处需要判断在满足C9的前提下是否有地标指引游客到电子向导处。,这是什么的功能描述？,游客到达电子向导处
游客到达电子向导处需要判断在满足C9的前提下是否有地标指引游客到电子向导处。,完成”游客到达电子向导处“的第一个前提是什么？,有地标指引游客到电子向导处
游客到达电子向导处需要判断在满足C9的前提下是否有地标指引游客到电子向导处。,完成”游客到达电子向导处“的第二个前提是什么？,
游客知道如何使用电子向导需要判断在C15前提下是否展示电子向导使用demo。,这是什么的功能描述？,游客知道如何使用电子向导
游客知道如何使用电子向导需要判断在C15前提下是否展示电子向导使用demo。,完成”游客知道如何使用电子向导“的第一个前提是什么？,展示电子向导使用demo
游客知道如何使用电子向导需要判断在C15前提下是否展示电子向导使用demo。,完成”游客知道如何使用电子向导“的第二个前提是什么？,
游客手机中有向导应用需要判断在满足C16的前提下是否粘贴下载应用的二维码。,这是什么的功能描述？,游客手机中有向导应用
游客手机中有向导应用需要判断在满足C16的前提下是否粘贴下载应用的二维码。,完成”游客手机中有向导应用“的第一个前提是什么？,粘贴下载应用的二维码
游客手机中有向导应用需要判断在满足C16的前提下是否粘贴下载应用的二维码。,完成”游客手机中有向导应用“的第二个前提是什么？,
向游客提供适合的信息需要判断是否准备景物信息。,“向游客提供适合的信息需要判断是否准备景物信息”是什么的功能描述？,向游客提供适合的信息
向游客提供适合的信息需要判断是否准备景物信息。,完成”向游客提供适合的信息“的第一个前提是什么？,准备景物信息
向游客提供适合的信息需要判断是否准备景物信息。,完成”向游客提供适合的信息“的第二个前提是什么？,
准备景物信息需要判断是否准备景物的详细信息或者准备景物的简短信息。,这是什么的功能描述？,准备景物信息
准备景物信息需要判断是否准备景物的详细信息或者准备景物的简短信息。,完成”准备景物信息“的第一个前提是什么？,准备景物的详细信息
准备景物信息需要判断是否准备景物的详细信息或者准备景物的简短信息。,完成”准备景物信息“的第二个前提是什么？,准备景物的简短信息
准备景物信息需要判断是否准备景物的详细信息或者准备景物的简短信息。,完成”准备景物信息“的第三个前提是什么？,
帮助游客需要包括游客遵循景点的规则并且在满足游客对某个景点感兴趣的前提下游客得到某处景物的介绍。,这是什么的功能描述？,帮助游客
帮助游客需要包括游客遵循景点的规则并且在满足游客对某个景点感兴趣的前提下游客得到某处景物的介绍。,完成”帮助游客“的第一个前提是什么？,游客遵循景点的规则
帮助游客需要包括游客遵循景点的规则并且在满足游客对某个景点感兴趣的前提下游客得到某处景物的介绍。,完成”帮助游客“的第二个前提是什么？,游客得到某处景物的介绍
帮助游客需要包括游客遵循景点的规则并且在满足游客对某个景点感兴趣的前提下游客得到某处景物的介绍。,完成”帮助游客“的第三个前提是什么？,
游客遵守景点规则包括游客在规定时间内进入景点并且判断是否在满足游客未登记的前提下通知游客登记。,这是什么的功能描述？,游客遵守景点规则
游客遵守景点规则包括游客在规定时间内进入景点并且判断是否在满足游客未登记的前提下通知游客登记。,完成”游客在规定时间内进入景点“的第一个前提是什么？,游客在规定时间内进入景点
游客遵守景点规则包括游客在规定时间内进入景点并且判断是否在满足游客未登记的前提下通知游客登记。,完成”游客在规定时间内进入景点“的第二个前提是什么？,通知游客登记
游客遵守景点规则包括游客在规定时间内进入景点并且判断是否在满足游客未登记的前提下通知游客登记。,完成”游客在规定时间内进入景点“的第三个前提是什么？,
游客在规定时间内进入景点需要判断在满足C2的前提下是否在景点关闭前通知游客。,这是什么的功能描述？,游客在规定时间内进入景点
游客在规定时间内进入景点需要判断在满足C2的前提下是否在景点关闭前通知游客。,完成”游客在规定时间内进入景点“的第一个前提是什么？,在景点关闭前通知游客
游客在规定时间内进入景点需要判断在满足C2的前提下是否在景点关闭前通知游客。,完成”游客在规定时间内进入景点“的第二个前提是什么？,
在景点关闭前通知游客包括判断在满足游客为进入景点的前提下是否通知游客不许进入景点并且判断在满足游客已进入景点的前提下是否通知游客该离开了。,这是什么的功能描述？,在景点关闭前通知游客
在景点关闭前通知游客包括判断在满足游客为进入景点的前提下是否通知游客不许进入景点并且判断在满足游客已进入景点的前提下是否通知游客该离开了。,完成”在景点关闭前通知游客“的第一个前提是什么？,通知游客不许进入景点
在景点关闭前通知游客包括判断在满足游客为进入景点的前提下是否通知游客不许进入景点并且判断在满足游客已进入景点的前提下是否通知游客该离开了。,完成”在景点关闭前通知游客“的第二个前提是什么？,通知游客该离开了
在景点关闭前通知游客包括判断在满足游客为进入景点的前提下是否通知游客不许进入景点并且判断在满足游客已进入景点的前提下是否通知游客该离开了。,完成”在景点关闭前通知游客“的第三个前提是什么？,
游客得到某处景物的介绍需要满足在C4条件下游客通过电子向导获得景物介绍或者在满足C5条件下游客通过手机应用获得景物介绍或者在满足C6前提下游客通过导游获得景物介绍3种情况中的至少一种。,这是什么的功能描述？,游客得到某处景物的介绍
游客得到某处景物的介绍需要满足在C4条件下游客通过电子向导获得景物介绍或者在满足C5条件下游客通过手机应用获得景物介绍或者在满足C6前提下游客通过导游获得景物介绍3种情况中的至少一种。,完成”游客得到某处景物的介绍“的第一个前提是什么？,游客通过电子向导获得景物介绍
游客得到某处景物的介绍需要满足在C4条件下游客通过电子向导获得景物介绍或者在满足C5条件下游客通过手机应用获得景物介绍或者在满足C6前提下游客通过导游获得景物介绍3种情况中的至少一种。,完成”游客得到某处景物的介绍“的第二个前提是什么？,游客通过手机应用获得景物介绍
游客得到某处景物的介绍需要满足在C4条件下游客通过电子向导获得景物介绍或者在满足C5条件下游客通过手机应用获得景物介绍或者在满足C6前提下游客通过导游获得景物介绍3种情况中的至少一种。,完成”游客得到某处景物的介绍“的第三个前提是什么？,游客通过导游获得景物介绍
游客得到某处景物的介绍需要满足在C4条件下游客通过电子向导获得景物介绍或者在满足C5条件下游客通过手机应用获得景物介绍或者在满足C6前提下游客通过导游获得景物介绍3种情况中的至少一种。,完成”游客得到某处景物的介绍“的第四个前提是什么？,
游客通过电子向导获得景物介绍需要满足用户到达电子向导处并且游客知道如何使用电子向导。,这是什么的功能描述？,游客通过电子向导获得景物介绍
游客通过电子向导获得景物介绍需要满足用户到达电子向导处并且游客知道如何使用电子向导。,完成”游客通过电子向导获得景物介绍“的第一个前提是什么？,到达电子向导处
游客通过电子向导获得景物介绍需要满足用户到达电子向导处并且游客知道如何使用电子向导。,完成”游客通过电子向导获得景物介绍“的第二个前提是什么？,游客知道如何使用电子向导
游客通过电子向导获得景物介绍需要满足用户到达电子向导处并且游客知道如何使用电子向导。,完成”游客通过电子向导获得景物介绍“的第三个前提是什么？,
游客通过手机应用获得景物介绍需要满足游客手机中有向导应用而且向游客提供合适的信息。,这是什么的功能描述？,游客通过手机应用获得景物介绍
游客通过手机应用获得景物介绍需要满足游客手机中有向导应用而且向游客提供合适的信息。,完成”游客通过手机应用获得景物介绍“的第一个前提是什么？,游客手机中有向导应用
游客通过手机应用获得景物介绍需要满足游客手机中有向导应用而且向游客提供合适的信息。,完成”游客通过手机应用获得景物介绍“的第二个前提是什么？,向游客提供合适的信息
游客通过手机应用获得景物介绍需要满足游客手机中有向导应用而且向游客提供合适的信息。,完成”游客通过手机应用获得景物介绍“的第二个前提是什么？,
游客到达电子向导处需要判断在满足C9的前提下是否有地标指引游客到电子向导处。,这是什么的功能描述？,游客到达电子向导处
游客到达电子向导处需要判断在满足C9的前提下是否有地标指引游客到电子向导处。,完成”游客到达电子向导处“的第一个前提是什么？,有地标指引游客到电子向导处
游客到达电子向导处需要判断在满足C9的前提下是否有地标指引游客到电子向导处。,完成”游客到达电子向导处“的第二个前提是什么？,
游客知道如何使用电子向导需要判断在C15前提下是否展示电子向导使用demo。,这是什么的功能描述？,游客知道如何使用电子向导
游客知道如何使用电子向导需要判断在C15前提下是否展示电子向导使用demo。,完成”游客知道如何使用电子向导“的第一个前提是什么？,展示电子向导使用demo
游客知道如何使用电子向导需要判断在C15前提下是否展示电子向导使用demo。,完成”游客知道如何使用电子向导“的第二个前提是什么？,
游客手机中有向导应用需要判断在满足C16的前提下是否粘贴下载应用的二维码。,这是什么的功能描述？,游客手机中有向导应用
游客手机中有向导应用需要判断在满足C16的前提下是否粘贴下载应用的二维码。,完成”游客手机中有向导应用“的第一个前提是什么？,粘贴下载应用的二维码
游客手机中有向导应用需要判断在满足C16的前提下是否粘贴下载应用的二维码。,完成”游客手机中有向导应用“的第二个前提是什么？,
向游客提供适合的信息需要判断是否准备景物信息。,“向游客提供适合的信息需要判断是否准备景物信息”是什么的功能描述？,向游客提供适合的信息
向游客提供适合的信息需要判断是否准备景物信息。,完成”向游客提供适合的信息“的第一个前提是什么？,准备景物信息
向游客提供适合的信息需要判断是否准备景物信息。,完成”向游客提供适合的信息“的第二个前提是什么？,
准备景物信息需要判断是否准备景物的详细信息或者准备景物的简短信息。,这是什么的功能描述？,准备景物信息
准备景物信息需要判断是否准备景物的详细信息或者准备景物的简短信息。,完成”准备景物信息“的第一个前提是什么？,准备景物的详细信息
准备景物信息需要判断是否准备景物的详细信息或者准备景物的简短信息。,完成”准备景物信息“的第二个前提是什么？,准备景物的简短信息
准备景物信息需要判断是否准备景物的详细信息或者准备景物的简短信息。,完成”准备景物信息“的第三个前提是什么？,
帮助游客需要包括游客遵循景点的规则并且在满足游客对某个景点感兴趣的前提下游客得到某处景物的介绍。,这是什么的功能描述？,帮助游客
帮助游客需要包括游客遵循景点的规则并且在满足游客对某个景点感兴趣的前提下游客得到某处景物的介绍。,完成”帮助游客“的第一个前提是什么？,游客遵循景点的规则
帮助游客需要包括游客遵循景点的规则并且在满足游客对某个景点感兴趣的前提下游客得到某处景物的介绍。,完成”帮助游客“的第二个前提是什么？,游客得到某处景物的介绍
帮助游客需要包括游客遵循景点的规则并且在满足游客对某个景点感兴趣的前提下游客得到某处景物的介绍。,完成”帮助游客“的第三个前提是什么？,
游客遵守景点规则包括游客在规定时间内进入景点并且判断是否在满足游客未登记的前提下通知游客登记。,这是什么的功能描述？,游客遵守景点规则
游客遵守景点规则包括游客在规定时间内进入景点并且判断是否在满足游客未登记的前提下通知游客登记。,完成”游客在规定时间内进入景点“的第一个前提是什么？,游客在规定时间内进入景点
游客遵守景点规则包括游客在规定时间内进入景点并且判断是否在满足游客未登记的前提下通知游客登记。,完成”游客在规定时间内进入景点“的第二个前提是什么？,通知游客登记
游客遵守景点规则包括游客在规定时间内进入景点并且判断是否在满足游客未登记的前提下通知游客登记。,完成”游客在规定时间内进入景点“的第三个前提是什么？,
游客在规定时间内进入景点需要判断在满足C2的前提下是否在景点关闭前通知游客。,这是什么的功能描述？,游客在规定时间内进入景点
游客在规定时间内进入景点需要判断在满足C2的前提下是否在景点关闭前通知游客。,完成”游客在规定时间内进入景点“的第一个前提是什么？,在景点关闭前通知游客
游客在规定时间内进入景点需要判断在满足C2的前提下是否在景点关闭前通知游客。,完成”游客在规定时间内进入景点“的第二个前提是什么？,
在景点关闭前通知游客包括判断在满足游客为进入景点的前提下是否通知游客不许进入景点并且判断在满足游客已进入景点的前提下是否通知游客该离开了。,这是什么的功能描述？,在景点关闭前通知游客
在景点关闭前通知游客包括判断在满足游客为进入景点的前提下是否通知游客不许进入景点并且判断在满足游客已进入景点的前提下是否通知游客该离开了。,完成”在景点关闭前通知游客“的第一个前提是什么？,通知游客不许进入景点
在景点关闭前通知游客包括判断在满足游客为进入景点的前提下是否通知游客不许进入景点并且判断在满足游客已进入景点的前提下是否通知游客该离开了。,完成”在景点关闭前通知游客“的第二个前提是什么？,通知游客该离开了
在景点关闭前通知游客包括判断在满足游客为进入景点的前提下是否通知游客不许进入景点并且判断在满足游客已进入景点的前提下是否通知游客该离开了。,完成”在景点关闭前通知游客“的第三个前提是什么？,
游客得到某处景物的介绍需要满足在C4条件下游客通过电子向导获得景物介绍或者在满足C5条件下游客通过手机应用获得景物介绍或者在满足C6前提下游客通过导游获得景物介绍3种情况中的至少一种。,这是什么的功能描述？,游客得到某处景物的介绍
游客得到某处景物的介绍需要满足在C4条件下游客通过电子向导获得景物介绍或者在满足C5条件下游客通过手机应用获得景物介绍或者在满足C6前提下游客通过导游获得景物介绍3种情况中的至少一种。,完成”游客得到某处景物的介绍“的第一个前提是什么？,游客通过电子向导获得景物介绍
游客得到某处景物的介绍需要满足在C4条件下游客通过电子向导获得景物介绍或者在满足C5条件下游客通过手机应用获得景物介绍或者在满足C6前提下游客通过导游获得景物介绍3种情况中的至少一种。,完成”游客得到某处景物的介绍“的第二个前提是什么？,游客通过手机应用获得景物介绍
游客得到某处景物的介绍需要满足在C4条件下游客通过电子向导获得景物介绍或者在满足C5条件下游客通过手机应用获得景物介绍或者在满足C6前提下游客通过导游获得景物介绍3种情况中的至少一种。,完成”游客得到某处景物的介绍“的第三个前提是什么？,游客通过导游获得景物介绍
游客得到某处景物的介绍需要满足在C4条件下游客通过电子向导获得景物介绍或者在满足C5条件下游客通过手机应用获得景物介绍或者在满足C6前提下游客通过导游获得景物介绍3种情况中的至少一种。,完成”游客得到某处景物的介绍“的第四个前提是什么？,
游客通过电子向导获得景物介绍需要满足用户到达电子向导处并且游客知道如何使用电子向导。,这是什么的功能描述？,游客通过电子向导获得景物介绍
游客通过电子向导获得景物介绍需要满足用户到达电子向导处并且游客知道如何使用电子向导。,完成”游客通过电子向导获得景物介绍“的第一个前提是什么？,到达电子向导处
游客通过电子向导获得景物介绍需要满足用户到达电子向导处并且游客知道如何使用电子向导。,完成”游客通过电子向导获得景物介绍“的第二个前提是什么？,游客知道如何使用电子向导
游客通过电子向导获得景物介绍需要满足用户到达电子向导处并且游客知道如何使用电子向导。,完成”游客通过电子向导获得景物介绍“的第三个前提是什么？,
游客通过手机应用获得景物介绍需要满足游客手机中有向导应用而且向游客提供合适的信息。,这是什么的功能描述？,游客通过手机应用获得景物介绍
游客通过手机应用获得景物介绍需要满足游客手机中有向导应用而且向游客提供合适的信息。,完成”游客通过手机应用获得景物介绍“的第一个前提是什么？,游客手机中有向导应用
游客通过手机应用获得景物介绍需要满足游客手机中有向导应用而且向游客提供合适的信息。,完成”游客通过手机应用获得景物介绍“的第二个前提是什么？,向游客提供合适的信息
游客通过手机应用获得景物介绍需要满足游客手机中有向导应用而且向游客提供合适的信息。,完成”游客通过手机应用获得景物介绍“的第二个前提是什么？,
游客到达电子向导处需要判断在满足C9的前提下是否有地标指引游客到电子向导处。,这是什么的功能描述？,游客到达电子向导处
游客到达电子向导处需要判断在满足C9的前提下是否有地标指引游客到电子向导处。,完成”游客到达电子向导处“的第一个前提是什么？,有地标指引游客到电子向导处
游客到达电子向导处需要判断在满足C9的前提下是否有地标指引游客到电子向导处。,完成”游客到达电子向导处“的第二个前提是什么？,
游客知道如何使用电子向导需要判断在C15前提下是否展示电子向导使用demo。,这是什么的功能描述？,游客知道如何使用电子向导
游客知道如何使用电子向导需要判断在C15前提下是否展示电子向导使用demo。,完成”游客知道如何使用电子向导“的第一个前提是什么？,展示电子向导使用demo
游客知道如何使用电子向导需要判断在C15前提下是否展示电子向导使用demo。,完成”游客知道如何使用电子向导“的第二个前提是什么？,
游客手机中有向导应用需要判断在满足C16的前提下是否粘贴下载应用的二维码。,这是什么的功能描述？,游客手机中有向导应用
游客手机中有向导应用需要判断在满足C16的前提下是否粘贴下载应用的二维码。,完成”游客手机中有向导应用“的第一个前提是什么？,粘贴下载应用的二维码
游客手机中有向导应用需要判断在满足C16的前提下是否粘贴下载应用的二维码。,完成”游客手机中有向导应用“的第二个前提是什么？,
向游客提供适合的信息需要判断是否准备景物信息。,“向游客提供适合的信息需要判断是否准备景物信息”是什么的功能描述？,向游客提供适合的信息
向游客提供适合的信息需要判断是否准备景物信息。,完成”向游客提供适合的信息“的第一个前提是什么？,准备景物信息
向游客提供适合的信息需要判断是否准备景物信息。,完成”向游客提供适合的信息“的第二个前提是什么？,
准备景物信息需要判断是否准备景物的详细信息或者准备景物的简短信息。,这是什么的功能描述？,准备景物信息
准备景物信息需要判断是否准备景物的详细信息或者准备景物的简短信息。,完成”准备景物信息“的第一个前提是什么？,准备景物的详细信息
准备景物信息需要判断是否准备景物的详细信息或者准备景物的简短信息。,完成”准备景物信息“的第二个前提是什么？,准备景物的简短信息
准备景物信息需要判断是否准备景物的详细信息或者准备景物的简短信息。,完成”准备景物信息“的第三个前提是什么？,
帮助游客需要包括游客遵循景点的规则并且在满足游客对某个景点感兴趣的前提下游客得到某处景物的介绍。,这是什么的功能描述？,帮助游客
帮助游客需要包括游客遵循景点的规则并且在满足游客对某个景点感兴趣的前提下游客得到某处景物的介绍。,完成”帮助游客“的第一个前提是什么？,游客遵循景点的规则
帮助游客需要包括游客遵循景点的规则并且在满足游客对某个景点感兴趣的前提下游客得到某处景物的介绍。,完成”帮助游客“的第二个前提是什么？,游客得到某处景物的介绍
帮助游客需要包括游客遵循景点的规则并且在满足游客对某个景点感兴趣的前提下游客得到某处景物的介绍。,完成”帮助游客“的第三个前提是什么？,
游客遵守景点规则包括游客在规定时间内进入景点并且判断是否在满足游客未登记的前提下通知游客登记。,这是什么的功能描述？,游客遵守景点规则
游客遵守景点规则包括游客在规定时间内进入景点并且判断是否在满足游客未登记的前提下通知游客登记。,完成”游客在规定时间内进入景点“的第一个前提是什么？,游客在规定时间内进入景点
游客遵守景点规则包括游客在规定时间内进入景点并且判断是否在满足游客未登记的前提下通知游客登记。,完成”游客在规定时间内进入景点“的第二个前提是什么？,通知游客登记
游客遵守景点规则包括游客在规定时间内进入景点并且判断是否在满足游客未登记的前提下通知游客登记。,完成”游客在规定时间内进入景点“的第三个前提是什么？,
游客在规定时间内进入景点需要判断在满足C2的前提下是否在景点关闭前通知游客。,这是什么的功能描述？,游客在规定时间内进入景点
游客在规定时间内进入景点需要判断在满足C2的前提下是否在景点关闭前通知游客。,完成”游客在规定时间内进入景点“的第一个前提是什么？,在景点关闭前通知游客
游客在规定时间内进入景点需要判断在满足C2的前提下是否在景点关闭前通知游客。,完成”游客在规定时间内进入景点“的第二个前提是什么？,
在景点关闭前通知游客包括判断在满足游客为进入景点的前提下是否通知游客不许进入景点并且判断在满足游客已进入景点的前提下是否通知游客该离开了。,这是什么的功能描述？,在景点关闭前通知游客
在景点关闭前通知游客包括判断在满足游客为进入景点的前提下是否通知游客不许进入景点并且判断在满足游客已进入景点的前提下是否通知游客该离开了。,完成”在景点关闭前通知游客“的第一个前提是什么？,通知游客不许进入景点
在景点关闭前通知游客包括判断在满足游客为进入景点的前提下是否通知游客不许进入景点并且判断在满足游客已进入景点的前提下是否通知游客该离开了。,完成”在景点关闭前通知游客“的第二个前提是什么？,通知游客该离开了
在景点关闭前通知游客包括判断在满足游客为进入景点的前提下是否通知游客不许进入景点并且判断在满足游客已进入景点的前提下是否通知游客该离开了。,完成”在景点关闭前通知游客“的第三个前提是什么？,
游客得到某处景物的介绍需要满足在C4条件下游客通过电子向导获得景物介绍或者在满足C5条件下游客通过手机应用获得景物介绍或者在满足C6前提下游客通过导游获得景物介绍3种情况中的至少一种。,这是什么的功能描述？,游客得到某处景物的介绍
游客得到某处景物的介绍需要满足在C4条件下游客通过电子向导获得景物介绍或者在满足C5条件下游客通过手机应用获得景物介绍或者在满足C6前提下游客通过导游获得景物介绍3种情况中的至少一种。,完成”游客得到某处景物的介绍“的第一个前提是什么？,游客通过电子向导获得景物介绍
游客得到某处景物的介绍需要满足在C4条件下游客通过电子向导获得景物介绍或者在满足C5条件下游客通过手机应用获得景物介绍或者在满足C6前提下游客通过导游获得景物介绍3种情况中的至少一种。,完成”游客得到某处景物的介绍“的第二个前提是什么？,游客通过手机应用获得景物介绍
游客得到某处景物的介绍需要满足在C4条件下游客通过电子向导获得景物介绍或者在满足C5条件下游客通过手机应用获得景物介绍或者在满足C6前提下游客通过导游获得景物介绍3种情况中的至少一种。,完成”游客得到某处景物的介绍“的第三个前提是什么？,游客通过导游获得景物介绍
游客得到某处景物的介绍需要满足在C4条件下游客通过电子向导获得景物介绍或者在满足C5条件下游客通过手机应用获得景物介绍或者在满足C6前提下游客通过导游获得景物介绍3种情况中的至少一种。,完成”游客得到某处景物的介绍“的第四个前提是什么？,
游客通过电子向导获得景物介绍需要满足用户到达电子向导处并且游客知道如何使用电子向导。,这是什么的功能描述？,游客通过电子向导获得景物介绍
游客通过电子向导获得景物介绍需要满足用户到达电子向导处并且游客知道如何使用电子向导。,完成”游客通过电子向导获得景物介绍“的第一个前提是什么？,到达电子向导处
游客通过电子向导获得景物介绍需要满足用户到达电子向导处并且游客知道如何使用电子向导。,完成”游客通过电子向导获得景物介绍“的第二个前提是什么？,游客知道如何使用电子向导
游客通过电子向导获得景物介绍需要满足用户到达电子向导处并且游客知道如何使用电子向导。,完成”游客通过电子向导获得景物介绍“的第三个前提是什么？,
游客通过手机应用获得景物介绍需要满足游客手机中有向导应用而且向游客提供合适的信息。,这是什么的功能描述？,游客通过手机应用获得景物介绍
游客通过手机应用获得景物介绍需要满足游客手机中有向导应用而且向游客提供合适的信息。,完成”游客通过手机应用获得景物介绍“的第一个前提是什么？,游客手机中有向导应用
游客通过手机应用获得景物介绍需要满足游客手机中有向导应用而且向游客提供合适的信息。,完成”游客通过手机应用获得景物介绍“的第二个前提是什么？,向游客提供合适的信息
游客通过手机应用获得景物介绍需要满足游客手机中有向导应用而且向游客提供合适的信息。,完成”游客通过手机应用获得景物介绍“的第二个前提是什么？,
游客到达电子向导处需要判断在满足C9的前提下是否有地标指引游客到电子向导处。,这是什么的功能描述？,游客到达电子向导处
游客到达电子向导处需要判断在满足C9的前提下是否有地标指引游客到电子向导处。,完成”游客到达电子向导处“的第一个前提是什么？,有地标指引游客到电子向导处
游客到达电子向导处需要判断在满足C9的前提下是否有地标指引游客到电子向导处。,完成”游客到达电子向导处“的第二个前提是什么？,
游客知道如何使用电子向导需要判断在C15前提下是否展示电子向导使用demo。,这是什么的功能描述？,游客知道如何使用电子向导
游客知道如何使用电子向导需要判断在C15前提下是否展示电子向导使用demo。,完成”游客知道如何使用电子向导“的第一个前提是什么？,展示电子向导使用demo
游客知道如何使用电子向导需要判断在C15前提下是否展示电子向导使用demo。,完成”游客知道如何使用电子向导“的第二个前提是什么？,
游客手机中有向导应用需要判断在满足C16的前提下是否粘贴下载应用的二维码。,这是什么的功能描述？,游客手机中有向导应用
游客手机中有向导应用需要判断在满足C16的前提下是否粘贴下载应用的二维码。,完成”游客手机中有向导应用“的第一个前提是什么？,粘贴下载应用的二维码
游客手机中有向导应用需要判断在满足C16的前提下是否粘贴下载应用的二维码。,完成”游客手机中有向导应用“的第二个前提是什么？,
向游客提供适合的信息需要判断是否准备景物信息。,“向游客提供适合的信息需要判断是否准备景物信息”是什么的功能描述？,向游客提供适合的信息
向游客提供适合的信息需要判断是否准备景物信息。,完成”向游客提供适合的信息“的第一个前提是什么？,准备景物信息
向游客提供适合的信息需要判断是否准备景物信息。,完成”向游客提供适合的信息“的第二个前提是什么？,
准备景物信息需要判断是否准备景物的详细信息或者准备景物的简短信息。,这是什么的功能描述？,准备景物信息
准备景物信息需要判断是否准备景物的详细信息或者准备景物的简短信息。,完成”准备景物信息“的第一个前提是什么？,准备景物的详细信息
准备景物信息需要判断是否准备景物的详细信息或者准备景物的简短信息。,完成”准备景物信息“的第二个前提是什么？,准备景物的简短信息
准备景物信息需要判断是否准备景物的详细信息或者准备景物的简短信息。,完成”准备景物信息“的第三个前提是什么？,
帮助游客需要包括游客遵循景点的规则并且在满足游客对某个景点感兴趣的前提下游客得到某处景物的介绍。,这是什么的功能描述？,帮助游客
帮助游客需要包括游客遵循景点的规则并且在满足游客对某个景点感兴趣的前提下游客得到某处景物的介绍。,完成”帮助游客“的第一个前提是什么？,游客遵循景点的规则
帮助游客需要包括游客遵循景点的规则并且在满足游客对某个景点感兴趣的前提下游客得到某处景物的介绍。,完成”帮助游客“的第二个前提是什么？,游客得到某处景物的介绍
帮助游客需要包括游客遵循景点的规则并且在满足游客对某个景点感兴趣的前提下游客得到某处景物的介绍。,完成”帮助游客“的第三个前提是什么？,
游客遵守景点规则包括游客在规定时间内进入景点并且判断是否在满足游客未登记的前提下通知游客登记。,这是什么的功能描述？,游客遵守景点规则
游客遵守景点规则包括游客在规定时间内进入景点并且判断是否在满足游客未登记的前提下通知游客登记。,完成”游客在规定时间内进入景点“的第一个前提是什么？,游客在规定时间内进入景点
游客遵守景点规则包括游客在规定时间内进入景点并且判断是否在满足游客未登记的前提下通知游客登记。,完成”游客在规定时间内进入景点“的第二个前提是什么？,通知游客登记
游客遵守景点规则包括游客在规定时间内进入景点并且判断是否在满足游客未登记的前提下通知游客登记。,完成”游客在规定时间内进入景点“的第三个前提是什么？,
游客在规定时间内进入景点需要判断在满足C2的前提下是否在景点关闭前通知游客。,这是什么的功能描述？,游客在规定时间内进入景点
游客在规定时间内进入景点需要判断在满足C2的前提下是否在景点关闭前通知游客。,完成”游客在规定时间内进入景点“的第一个前提是什么？,在景点关闭前通知游客
游客在规定时间内进入景点需要判断在满足C2的前提下是否在景点关闭前通知游客。,完成”游客在规定时间内进入景点“的第二个前提是什么？,
在景点关闭前通知游客包括判断在满足游客为进入景点的前提下是否通知游客不许进入景点并且判断在满足游客已进入景点的前提下是否通知游客该离开了。,这是什么的功能描述？,在景点关闭前通知游客
在景点关闭前通知游客包括判断在满足游客为进入景点的前提下是否通知游客不许进入景点并且判断在满足游客已进入景点的前提下是否通知游客该离开了。,完成”在景点关闭前通知游客“的第一个前提是什么？,通知游客不许进入景点
在景点关闭前通知游客包括判断在满足游客为进入景点的前提下是否通知游客不许进入景点并且判断在满足游客已进入景点的前提下是否通知游客该离开了。,完成”在景点关闭前通知游客“的第二个前提是什么？,通知游客该离开了
在景点关闭前通知游客包括判断在满足游客为进入景点的前提下是否通知游客不许进入景点并且判断在满足游客已进入景点的前提下是否通知游客该离开了。,完成”在景点关闭前通知游客“的第三个前提是什么？,
游客得到某处景物的介绍需要满足在C4条件下游客通过电子向导获得景物介绍或者在满足C5条件下游客通过手机应用获得景物介绍或者在满足C6前提下游客通过导游获得景物介绍3种情况中的至少一种。,这是什么的功能描述？,游客得到某处景物的介绍
游客得到某处景物的介绍需要满足在C4条件下游客通过电子向导获得景物介绍或者在满足C5条件下游客通过手机应用获得景物介绍或者在满足C6前提下游客通过导游获得景物介绍3种情况中的至少一种。,完成”游客得到某处景物的介绍“的第一个前提是什么？,游客通过电子向导获得景物介绍
游客得到某处景物的介绍需要满足在C4条件下游客通过电子向导获得景物介绍或者在满足C5条件下游客通过手机应用获得景物介绍或者在满足C6前提下游客通过导游获得景物介绍3种情况中的至少一种。,完成”游客得到某处景物的介绍“的第二个前提是什么？,游客通过手机应用获得景物介绍
游客得到某处景物的介绍需要满足在C4条件下游客通过电子向导获得景物介绍或者在满足C5条件下游客通过手机应用获得景物介绍或者在满足C6前提下游客通过导游获得景物介绍3种情况中的至少一种。,完成”游客得到某处景物的介绍“的第三个前提是什么？,游客通过导游获得景物介绍
游客得到某处景物的介绍需要满足在C4条件下游客通过电子向导获得景物介绍或者在满足C5条件下游客通过手机应用获得景物介绍或者在满足C6前提下游客通过导游获得景物介绍3种情况中的至少一种。,完成”游客得到某处景物的介绍“的第四个前提是什么？,
游客通过电子向导获得景物介绍需要满足用户到达电子向导处并且游客知道如何使用电子向导。,这是什么的功能描述？,游客通过电子向导获得景物介绍
游客通过电子向导获得景物介绍需要满足用户到达电子向导处并且游客知道如何使用电子向导。,完成”游客通过电子向导获得景物介绍“的第一个前提是什么？,到达电子向导处
游客通过电子向导获得景物介绍需要满足用户到达电子向导处并且游客知道如何使用电子向导。,完成”游客通过电子向导获得景物介绍“的第二个前提是什么？,游客知道如何使用电子向导
游客通过电子向导获得景物介绍需要满足用户到达电子向导处并且游客知道如何使用电子向导。,完成”游客通过电子向导获得景物介绍“的第三个前提是什么？,
游客通过手机应用获得景物介绍需要满足游客手机中有向导应用而且向游客提供合适的信息。,这是什么的功能描述？,游客通过手机应用获得景物介绍
游客通过手机应用获得景物介绍需要满足游客手机中有向导应用而且向游客提供合适的信息。,完成”游客通过手机应用获得景物介绍“的第一个前提是什么？,游客手机中有向导应用
游客通过手机应用获得景物介绍需要满足游客手机中有向导应用而且向游客提供合适的信息。,完成”游客通过手机应用获得景物介绍“的第二个前提是什么？,向游客提供合适的信息
游客通过手机应用获得景物介绍需要满足游客手机中有向导应用而且向游客提供合适的信息。,完成”游客通过手机应用获得景物介绍“的第二个前提是什么？,
游客到达电子向导处需要判断在满足C9的前提下是否有地标指引游客到电子向导处。,这是什么的功能描述？,游客到达电子向导处
游客到达电子向导处需要判断在满足C9的前提下是否有地标指引游客到电子向导处。,完成”游客到达电子向导处“的第一个前提是什么？,有地标指引游客到电子向导处
游客到达电子向导处需要判断在满足C9的前提下是否有地标指引游客到电子向导处。,完成”游客到达电子向导处“的第二个前提是什么？,
游客知道如何使用电子向导需要判断在C15前提下是否展示电子向导使用demo。,这是什么的功能描述？,游客知道如何使用电子向导
游客知道如何使用电子向导需要判断在C15前提下是否展示电子向导使用demo。,完成”游客知道如何使用电子向导“的第一个前提是什么？,展示电子向导使用demo
游客知道如何使用电子向导需要判断在C15前提下是否展示电子向导使用demo。,完成”游客知道如何使用电子向导“的第二个前提是什么？,
游客手机中有向导应用需要判断在满足C16的前提下是否粘贴下载应用的二维码。,这是什么的功能描述？,游客手机中有向导应用
游客手机中有向导应用需要判断在满足C16的前提下是否粘贴下载应用的二维码。,完成”游客手机中有向导应用“的第一个前提是什么？,粘贴下载应用的二维码
游客手机中有向导应用需要判断在满足C16的前提下是否粘贴下载应用的二维码。,完成”游客手机中有向导应用“的第二个前提是什么？,
向游客提供适合的信息需要判断是否准备景物信息。,“向游客提供适合的信息需要判断是否准备景物信息”是什么的功能描述？,向游客提供适合的信息
向游客提供适合的信息需要判断是否准备景物信息。,完成”向游客提供适合的信息“的第一个前提是什么？,准备景物信息
向游客提供适合的信息需要判断是否准备景物信息。,完成”向游客提供适合的信息“的第二个前提是什么？,
准备景物信息需要判断是否准备景物的详细信息或者准备景物的简短信息。,这是什么的功能描述？,准备景物信息
准备景物信息需要判断是否准备景物的详细信息或者准备景物的简短信息。,完成”准备景物信息“的第一个前提是什么？,准备景物的详细信息
准备景物信息需要判断是否准备景物的详细信息或者准备景物的简短信息。,完成”准备景物信息“的第二个前提是什么？,准备景物的简短信息
准备景物信息需要判断是否准备景物的详细信息或者准备景物的简短信息。,完成”准备景物信息“的第三个前提是什么？,
